{
  "agent_mae": 11.167018078462577,
  "agent_rmse": 35.16166803105187
}